Workbook

Sheet Sheet1
A1: Broker | B1: Salary | C1: CPF | D1: INS | E1: T&E | F1: Comms | G1: T Cost S$ | H1: Cost US$ | I1: Revenue | J1: % of Rev | K1: Bonus | L1: Payout
A2: Luke Che | B2: 187794 | C2: 9828 | D2: 8479 | E2: 20236 | F2: 36000 | G2: 262337 | H2: 203362 | I2: 546455 | J2: 0.1829 | L2: 0.3721
A3: Peggy Ho | B3: 148902 | C3: 6662 | D3: 3316 | E3: 20640 | F3: 36000 | G3: 215520 | H3: 167070 | I3: 447410 | J3: 0.1497 | L3: 0.3734
A4: Junnie Li | B4: 200820 | C4: 9828 | D4: 8479 | E4: 13100 | F4: 36000 | G4: 268227 | H4: 207928 | I4: 698303 | J4: 0.2337 | L4: 0.2978
A5: Saurabh P | B5: 124902 | C5: 9848 | D5: 8465 | E5: 48020 | F5: 36000 | G5: 227235 | H5: 176151 | I5: 556570 | J5: 0.1862 | L5: 0.3165
A6: Kelly Tan | B6: 239658 | C6: 9848 | D6: 8619 | E6: 21274 | F6: 36000 | G6: 315399 | H6: 244495 | I6: 626080 | J6: 0.2095 | L6: 0.3905
A7: Dion Tan | B7: 27238 | C7: 4702 | D7: 2800 | E7: 3741 | F7: 36000 | G7: 74481 | H7: 57737 | I7: 25150 | J7: 0.0084 | L7: 2.2957
A8: Camille Tan | B8: 45300 | D8: 3096 | E8: 13013 | F8: 36000 | G8: 97409 | H8: 75511 | I8: 88565 | J8: 0.0296 | L8: 0.8526
A9: Adeline T | B9: 43800 | C9: 9346 | D9: 8191 | E9: - | G9: 51991 | H9: 40303 | L9: #DIV/0!

Sheet Sheet2
A1: USD/SGD | B1: 1.29
A2: Pool | B2: 346826 | C2: (USD)
A3: Revenue | B3: 2988533 | C3: (USD)
A4: 1% Promo | B4: 29885.33 | C4: (USD)
A6: Broker | B6: Salary | C6: CPF | D6: INS | E6: T&E | F6: Comms | G6: (B+C+D+E+F) | H6: T Cost S$ | I6: (H/B2) | J6: Cost US$ | K6: Revenue (USD) | L6: Rev-Cost (USD) | M6: (K/J16) | N6: % of Rev | O6: Bonus (USD) | P6: Bonus (SGD) | Q6: Adj. Bonus (USD) | R6: Bonus(SGD) | S6: Payout ratio
A7: Luke Cheong | B7: 187794 | C7: 9828 | D7: 8479 | E7: 20236 | F7: 36000 | G7: =SUM(B7:F7) -> 262337 | H7: 262337 | I7: =H7/$B$1 -> 203362.02 | J7: 203362 | K7: 546455 | L7: =K7-J7 -> 343093 | M7: =K7/$J$18 -> 0.18285058 | N7: 0.1829 | O7: =M7*$J$24 -> 60246.469 | P7: =O7*$B$1 -> 77717.945 | Q7: 54000 | R7: =Q7*1.29 -> 69660 | S7: =(J7+Q7)/K7 -> 0.4709665
A8: Peggy Ho | B8: 148902 | C8: 6662 | D8: 3316 | E8: 20640 | F8: 36000 | G8: =SUM(B8:F8) -> 215520 | H8: 215520 | I8: =H8/$B$1 -> 167069.77 | J8: 167070 | K8: 447410 | L8: =K8-J8 -> 280340 | M8: =K8/$J$18 -> 0.1497089 | N8: 0.1497 | O8: =M8*$J$24 -> 49326.793 | P8: =O8*$B$1 -> 63631.563 | Q8: 29000 | R8: =Q8*1.29 -> 37410 | S8: =(J8+Q8)/K8 -> 0.43823339
A9: Junnie Liew | B9: 200820 | C9: 9828 | D9: 8479 | E9: 13100 | F9: 36000 | G9: =SUM(B9:F9) -> 268227 | H9: 268227 | I9: =H9/$B$1 -> 207927.91 | J9: 207928 | K9: 698303 | L9: =K9-J9 -> 490375 | M9: =K9/$J$18 -> 0.2336608 | N9: 0.2337 | O9: =M9*$J$24 -> 76987.657 | P9: =O9*$B$1 -> 99314.078 | Q9: 82000 | R9: =Q9*1.29 -> 105780 | S9: =(J9+Q9)/K9 -> 0.41518939
A10: Saurabh Pal | B10: 124902 | C10: 9848 | D10: 8465 | E10: 48020 | F10: 36000 | G10: =SUM(B10:F10) -> 227235 | H10: 227235 | I10: =H10/$B$1 -> 176151.16 | J10: 176151 | K10: 556570 | L10: =K10-J10 -> 380419 | M10: =K10/$J$18 -> 0.18623519 | N10: 0.1862 | O10: =M10*$J$24 -> 61361.644 | P10: =O10*$B$1 -> 79156.521 | Q10: 63000 | R10: =Q10*1.29 -> 81270 | S10: =(J10+Q10)/K10 -> 0.42968719
A11: Kelly Tan | B11: 239658 | C11: 9848 | D11: 8619 | E11: 21274 | F11: 36000 | G11: =SUM(B11:F11) -> 315399 | H11: 315399 | I11: =H11/$B$1 -> 244495.35 | J11: 244495 | K11: 626080 | L11: =K11-J11 -> 381585 | M11: =K11/$J$18 -> 0.20949409 | N11: 0.2095 | O11: =M11*$J$24 -> 69025.097 | P11: =O11*$B$1 -> 89042.375 | Q11: 90000 | R11: =Q11*1.29 -> 116100 | S11: =(J11+Q11)/K11 -> 0.53426878
A12: Dion Tan | B12: 27238 | C12: 4702 | D12: 2800 | E12: 3741 | F12: 36000 | G12: =SUM(B12:F12) -> 74481 | H12: 74481 | I12: =H12/$B$1 -> 57737.209 | J12: 57737 | K12: 25150 | L12: =K12-J12 -> -32587 | M12: =K12/$J$18 -> 0.0084155002 | N12: 0.0084 | O12: =M12*$J$24 -> 2772.7786 | P12: =O12*$B$1 -> 3576.8843 | Q12: 6800 | R12: =Q12*1.29 -> 8772 | S12: =(J12+Q12)/K12 -> 2.5660835
A13: Camille Arena | B13: 45300 | D13: 3096 | E13: 13013 | F13: 36000 | G13: =SUM(B13:F13) -> 97409 | H13: 97409 | I13: =H13/$B$1 -> 75510.853 | J13: 75511 | K13: 88565 | L13: =K13-J13 -> 13054 | M13: =K13/$J$18 -> 0.029634941 | N13: 0.0296 | O13: =M13*$J$24 -> 9764.2597 | P13: =O13*$B$1 -> 12595.895 | Q13: 9000 | R13: =Q13*1.29 -> 11610 | S13: =(J13+Q13)/K13 -> 0.95422571
A14: Adeline Thian | B14: 43800 | C14: 9346 | D14: 8191 | E14: - | G14: =SUM(B14:F14) -> 61337 | H14: 51991 | I14: =H14/$B$1 -> 40303.101 | J14: 40303 | M14: =K14/$J$18 -> 0 | Q14: 13000 | R14: =Q14*1.29 -> 16770
Q16: =SUM(Q7:Q14) -> 346800
I17: Total cost (USD) | J17: =SUM(J7:J14) -> 1172557
I18: Total rev (USD) | J18: =SUM(K7:K14) -> 2988533 | M18: mgmt 45% | N18: =J18*45% -> 1344839.9
I19: Rev-Cost (USD) | J19: =J18-J17 -> 1815976 | M19: desk 55% | N19: =J18*55% -> 1643693.2 | O19: =N19-J17 -> 471136.15
I20: Pool | J20: =B2 -> 346826
I21: Pool/Rev-Cost | J21: =J20/J19 -> 0.190986 | O21: =O19/J19 -> 0.25943963
I23: Kelly 5% | J23: =5%*J20 -> 17341.3
I24: Pool-Kelly | J24: =J20-J23 -> 329484.7

Sheet 2H25
A1: Pool | B1: 337826
A2: TotalRevenue (TR) | B2: 2988533
A3: 1% Promo (1P) | B3: 29885.33
A4: TR - 1P (R) | B4: =B2-B3 -> 2958647.7
A5: TotalCost (TC) | B5: =SUM(K13:K20) -> 1172557
A6: 45%*R -> Mgmt | B6: =0.45*B4 -> 1331391.5
A7: 55%* R -> Desk | B7: =0.55*B4 -> 1627256.2
A8: Desk - TC (BP) | B8: =B7-B5 -> 454699.22
A9: BP - Pool | B9: =B8-B1 -> 116873.22
A10: R / TC (Ratio) | B10: =B4/B5 -> 2.5232442
D12: Broker | E12: Salary | F12: CPF | G12: INS | H12: T&E | I12: Comms | J12: T Cost S$ | K12: Cost US$ | L12: Revenue (USD) | M12: % of Rev
D13: Luke Cheong | E13: 187794 | F13: 9828 | G13: 8479 | H13: 20236 | I13: 36000 | J13: 262337 | K13: 203362 | L13: 546455 | M13: 0.1829
D14: Peggy Ho | E14: 148902 | F14: 6662 | G14: 3316 | H14: 20640 | I14: 36000 | J14: 215520 | K14: 167070 | L14: 447410 | M14: 0.1497
D15: Junnie Liew | E15: 200820 | F15: 9828 | G15: 8479 | H15: 13100 | I15: 36000 | J15: 268227 | K15: 207928 | L15: 698303 | M15: 0.2337
D16: Saurabh Pal | E16: 124902 | F16: 9848 | G16: 8465 | H16: 48020 | I16: 36000 | J16: 227235 | K16: 176151 | L16: 556570 | M16: 0.1862
D17: Kelly Tan | E17: 239658 | F17: 9848 | G17: 8619 | H17: 21274 | I17: 36000 | J17: 315399 | K17: 244495 | L17: 626080 | M17: 0.2095
D18: Dion Tan | E18: 27238 | F18: 4702 | G18: 2800 | H18: 3741 | I18: 36000 | J18: 74481 | K18: 57737 | L18: 25150 | M18: 0.0084
D19: Camille Arena | E19: 45300 | G19: 3096 | H19: 13013 | I19: 36000 | J19: 97409 | K19: 75511 | L19: 88565 | M19: 0.0296
D20: Adeline Thian | E20: 43800 | F20: 9346 | G20: 8191 | H20: 0 | I20: 0 | J20: 51991 | K20: 40303 | L20: 0 | M20: 0

Sheet 1H25
A1: Pool | B1: 976967
A2: TotalRevenue (TR) | B2: =SUM(L13:L20)+F22 -> 4193501
A3: 1% Promo (1P) | B3: =1%*B2 -> 41935.01
A4: TR - 1P (R) | B4: =B2-B3 -> 4151566
A5: TotalCost (TC) | B5: =SUM(K13:K20)+F23 -> 1193023
A6: 45%*R -> Mgmt | B6: =0.45*B4 -> 1868204.7
A7: 55%* R -> Desk | B7: =0.55*B4 -> 2283361.3
A8: Desk - TC (BP) | B8: =B7-B5 -> 1090338.3
A9: BP - Pool | B9: =B8-B1 -> 113371.29
A10: R / TC (Ratio) | B10: =B4/B5 -> 3.4798709
D12: Broker | E12: Salary | F12: CPF | G12: INS | H12: T&E | I12: Comms | J12: Cost S$ | K12: Cost US$ | L12: Revenue | M12: % of Rev | N12: Bonus | O12: Payout | P12: Bonus (SGD)
D13: Luke Cheong | E13: 187794 | F13: 9828 | G13: 8479 | H13: 27312 | I13: 31000 | J13: 264413 | K13: 203395 | L13: 871848 | M13: 0.2079 | N13: 200000 | O13: 0.4627 | P13: 260000
D14: Peggy Ho | E14: 148902 | F14: 6662 | G14: 3316 | H14: 18314 | I14: 31000 | J14: 208194 | K14: 160149 | L14: 410200 | M14: 0.0978 | N14: 68000 | O14: 0.5562 | P14: 88400
D15: Junnie Liew | E15: 200820 | F15: 9828 | G15: 8479 | H15: 16582 | I15: 31000 | J15: 266709 | K15: 205161 | L15: 796036 | M15: 0.1898 | N15: 177000 | O15: 0.4801 | P15: 230100
D16: Saurabh Pal* | E16: 124902 | F16: 9848 | G16: 8465 | H16: 36734 | I16: 31000 | J16: 210949 | K16: 162268 | L16: 897147 | M16: 0.2139 | N16: 200000 | O16: 0.4038 | P16: 260000
D17: Kelly Tan | E17: 239658 | F17: 9848 | G17: 8619 | H17: 28353 | I17: 31000 | J17: 317478 | K17: 244214 | L17: 1112985 | M17: 0.2654 | N17: 319967 | O17: 0.5069 | P17: 415957.1
D18: Dion Tan | E18: 27238 | F18: 4702 | G18: 2800 | I18: 31000 | J18: 65740 | K18: 50569 | L18: 5579 | M18: 0 | N18: 6500 | O18: 10.2293 | P18: 8450
D19: Camille Arena | E19: 12372 | G19: 2800 | H19: 790 | J19: 15962 | K19: 12278 | L19: 3711 | M19: 0.0009 | N19: 5000 | O19: 4.656 | P19: 6500
D20: Adeline Thian | E20: 43800 | F20: 9346 | G20: 8191 | J20: 61337 | K20: 47182 | N20: 25500 | O20: #VALUE! | P20: 33150
D22: Irene Tan (reconciliation) | E22: Revenues | F22: 95995
E23: Cost USD | F23: 107807
F24: (incl. cost + severance of 28,466)

Sheet Compare
A1: 2H25 | D1: 1H25 | G1: Compare | I1: change | J1: %change
B3: ='2H25'!A1 -> Pool | C3: ='2H25'!B1 -> 337826 | E3: ='1H25'!A1 -> Pool | F3: ='1H25'!B1 -> 976967 | H3: Pool | I3: =C3-F3 -> -639141 | J3: =I3/F3 -> -0.65420941
B4: ='2H25'!A2 -> TotalRevenue (TR) | C4: ='2H25'!B2 -> 2988533 | E4: ='1H25'!A2 -> TotalRevenue (TR) | F4: ='1H25'!B2 -> 4193501 | H4: =E4 -> TotalRevenue (TR) | I4: =C4-F4 -> -1204968 | J4: =I4/F4 -> -0.28734177
B5: ='2H25'!A3 -> 1% Promo (1P) | C5: ='2H25'!B3 -> 29885.33 | E5: ='1H25'!A3 -> 1% Promo (1P) | F5: ='1H25'!B3 -> 41935.01
B6: ='2H25'!A4 -> TR - 1P (R) | C6: ='2H25'!B4 -> 2958647.7 | E6: ='1H25'!A4 -> TR - 1P (R) | F6: ='1H25'!B4 -> 4151566
B7: ='2H25'!A5 -> TotalCost (TC) | C7: ='2H25'!B5 -> 1172557 | E7: ='1H25'!A5 -> TotalCost (TC) | F7: ='1H25'!B5 -> 1193023 | H7: =E7 -> TotalCost (TC) | I7: =C7-F7 -> -20466 | J7: =I7/F7 -> -0.017154741
B8: ='2H25'!A6 -> 45%*R -> Mgmt | C8: ='2H25'!B6 -> 1331391.5 | E8: ='1H25'!A6 -> 45%*R -> Mgmt | F8: ='1H25'!B6 -> 1868204.7
B9: ='2H25'!A7 -> 55%* R -> Desk | C9: ='2H25'!B7 -> 1627256.2 | E9: ='1H25'!A7 -> 55%* R -> Desk | F9: ='1H25'!B7 -> 2283361.3
B10: ='2H25'!A8 -> Desk - TC (BP) | C10: ='2H25'!B8 -> 454699.22 | E10: ='1H25'!A8 -> Desk - TC (BP) | F10: ='1H25'!B8 -> 1090338.3
B11: ='2H25'!A9 -> BP - Pool | C11: ='2H25'!B9 -> 116873.22 | E11: ='1H25'!A9 -> BP - Pool | F11: ='1H25'!B9 -> 113371.29 | H11: =E11 -> BP - Pool | I11: =C11-F11 -> 3501.924 | J11: =I11/F11 -> 0.030888983
B12: ='2H25'!A10 -> R / TC (Ratio) | C12: ='2H25'!B10 -> 2.5232442 | E12: ='1H25'!A10 -> R / TC (Ratio) | F12: ='1H25'!B10 -> 3.4798709 | H12: =E12 -> R / TC (Ratio) | I12: =C12-F12 -> -0.95662666
